mae,rmse,bias,r,pval,iqd_intg,stn,par
1.91,3.89,-0.18,0.36,0,0.014846524845519932,1095018,prcp
5.72,10.73,0.01,0.47,0,0.013350302809540268,1103332,prcp
3,5.71,-0.15,0.57,0,0.03938751709755854,EAC,prcp
