mae,rmse,bias,r,pval,iqd_intg,stn,par
2.47,3.48,-0.74,0.93,0,0.033028696096832844,1095018,tmin
2.25,3.2,0.05,0.95,0,0.009310081756378383,1095018,tmax
1.37,1.89,0.17,0.95,0,0.051940992071540744,1103332,tmin
1.72,2.31,-0.03,0.96,0,0.008638832811791647,1103332,tmax
2.52,3.22,-0.27,0.93,0,0.05604442427777663,EAC,tmin
2.8,3.53,0.4,0.95,0,0.07302677034706409,EAC,tmax
